,subject
0,shhs2-200077
1,shhs2-200077
2,shhs2-200078
3,shhs2-200077
4,shhs2-200077
5,shhs2-200077
6,shhs2-200077
7,shhs2-200077
8,shhs2-200077
9,shhs2-200078
10,shhs2-200077
11,shhs2-200078
12,shhs2-200077
13,shhs2-200077
14,shhs2-200078
15,shhs2-200078
16,shhs2-200078
17,shhs2-200078
18,shhs2-200078
19,shhs2-200078
20,shhs2-200077
21,shhs2-200078
22,shhs2-200077
23,shhs2-200078
24,shhs2-200077
25,shhs2-200078
26,shhs2-200077
27,shhs2-200078
28,shhs2-200078
29,shhs2-200078
30,shhs2-200077
31,shhs2-200077
32,shhs2-200078
33,shhs2-200077
34,shhs2-200078
35,shhs2-200077
36,shhs2-200077
37,shhs2-200077
38,shhs2-200078
39,shhs2-200078
40,shhs2-200077
41,shhs2-200077
42,shhs2-200077
43,shhs2-200077
44,shhs2-200077
45,shhs2-200077
46,shhs2-200077
47,shhs2-200078
48,shhs2-200077
49,shhs2-200077
